RegionID,RegionName,SizeRank,2014-01,2014-02,2014-03,2014-04,2014-05,2014-06,2014-07,2014-08,2014-09,2014-10,2014-11,2014-12,2015-01,2015-02,2015-03,2015-04,2015-05,2015-06,2015-07,2015-08,2015-09,2015-10,2015-11,2015-12,2016-01,2016-02,2016-03,2016-04,2016-05,2016-06,2016-07,2016-08,2016-09,2016-10,2016-11,2016-12,2017-01,2017-02,2017-03,2017-04,2017-05,2017-06,2017-07,2017-08,2017-09,2017-10,2017-11,2017-12,2018-01,2018-02,2018-03,2018-04,2018-05,2018-06,2018-07,2018-08,2018-09,2018-10,2018-11,2018-12,2019-01,2019-02,2019-03,2019-04,2019-05,2019-06,2019-07,2019-08,2019-09,2019-10,2019-11,2019-12,2020-01,2020-02,2020-03,2020-04,2020-05,2020-06,2020-07,2020-08,2020-09,2020-10,2020-11,2020-12,2021-01,2021-02,2021-03,2021-04,2021-05,2021-06,2021-07,2021-08,2021-09,2021-10,2021-11,2021-12,2022-01,2022-02,2022-03,2022-04,2022-05,2022-06,2022-07
102001,United States,0,1287,1298,1299,1306,1319,1329,1339,1344,1345,1345,1345,1345,1350,1357,1365,1377,1386,1396,1401,1406,1407,1408,1408,1409,1414,1421,1430,1438,1447,1454,1457,1460,1460,1459,1458,1457,1461,1468,1476,1486,1495,1502,1508,1510,1509,1508,1507,1508,1512,1518,1527,1537,1546,1555,1561,1565,1565,1564,1565,1567,1570,1577,1587,1596,1607,1617,1622,1624,1624,1622,1621,1623,1628,1637,1643,1636,1633,1635,1638,1635,1632,1631,1634,1636,1641,1649,1666,1692,1723,1757,1794,1828,1851,1869,1886,1903,1909,1933,1950,1973,1999,2019,2031
394913,"New York, NY",1,2322,2351,2358,2364,2398,2416,2435,2443,2446,2444,2448,2440,2450,2464,2480,2511,2523,2535,2543,2552,2559,2561,2554,2551,2554,2561,2564,2582,2596,2609,2596,2607,2613,2607,2605,2597,2594,2598,2609,2626,2643,2650,2659,2655,2664,2652,2632,2634,2628,2629,2640,2654,2668,2683,2696,2702,2702,2693,2684,2682,2681,2690,2706,2717,2743,2763,2771,2772,2764,2758,2745,2730,2738,2759,2765,2749,2731,2713,2681,2623,2567,2527,2506,2496,2496,2501,2524,2562,2610,2663,2726,2777,2819,2848,2873,2904,2937,2990,3040,3093,3157,3209,3246
753899,"Los Angeles-Long Beach-Anaheim, CA",2,1812,1843,1830,1839,1862,1881,1899,1915,1924,1930,1929,1933,1946,1955,1972,1985,1996,2009,2024,2037,2046,2054,2063,2067,2079,2096,2108,2116,2135,2149,2153,2165,2171,2177,2178,2184,2196,2208,2220,2236,2251,2258,2272,2279,2284,2285,2290,2289,2300,2308,2316,2329,2339,2352,2361,2373,2378,2383,2390,2395,2399,2404,2412,2423,2432,2443,2454,2462,2465,2466,2470,2479,2483,2488,2487,2462,2445,2442,2442,2434,2437,2444,2448,2443,2444,2453,2468,2490,2520,2561,2609,2668,2704,2730,2754,2777,2796,2829,2859,2896,2930,2949,2964
394463,"Chicago, IL",3,1441,1454,1455,1460,1476,1490,1499,1502,1496,1491,1490,1489,1491,1496,1486,1509,1523,1537,1546,1552,1546,1538,1529,1529,1537,1546,1556,1569,1581,1590,1596,1597,1588,1576,1568,1563,1563,1578,1591,1604,1617,1624,1627,1624,1615,1607,1600,1601,1603,1611,1623,1633,1645,1655,1657,1655,1648,1637,1634,1631,1638,1647,1659,1674,1686,1696,1702,1700,1696,1688,1678,1677,1684,1694,1704,1701,1701,1700,1696,1684,1667,1647,1633,1626,1626,1630,1649,1682,1711,1738,1758,1776,1780,1784,1790,1803,1817,1831,1854,1877,1901,1919,1932
394514,"Dallas-Fort Worth, TX",4,1101,1127,1132,1148,1144,1147,1151,1154,1157,1154,1151,1154,1158,1163,1176,1185,1195,1202,1208,1213,1209,1208,1207,1208,1213,1218,1232,1243,1253,1261,1268,1269,1270,1270,1272,1272,1275,1280,1290,1295,1307,1315,1319,1323,1322,1324,1321,1321,1325,1332,1336,1344,1347,1356,1361,1365,1362,1366,1369,1366,1370,1379,1383,1392,1402,1411,1415,1415,1416,1415,1412,1411,1414,1421,1427,1420,1418,1422,1426,1426,1428,1433,1436,1440,1445,1453,1467,1492,1523,1560,1600,1636,1660,1673,1692,1703,1713,1728,1738,1764,1795,1823,1834
394974,"Philadelphia, PA",5,1334,1300,1321,1324,1333,1344,1349,1354,1358,1352,1348,1336,1341,1343,1355,1366,1378,1385,1387,1387,1386,1382,1382,1381,1385,1392,1402,1410,1419,1425,1431,1425,1422,1419,1421,1420,1422,1427,1436,1444,1451,1453,1456,1456,1453,1454,1458,1458,1455,1460,1472,1482,1492,1496,1497,1499,1500,1501,1499,1503,1508,1514,1523,1530,1538,1548,1552,1551,1550,1552,1551,1551,1553,1566,1571,1565,1568,1571,1572,1575,1574,1573,1575,1580,1578,1580,1590,1608,1631,1653,1674,1703,1715,1730,1745,1767,1762,1773,1787,1800,1816,1832,1844
394692,"Houston, TX",6,1164,1192,1181,1189,1214,1227,1241,1249,1249,1253,1249,1247,1251,1255,1261,1272,1279,1286,1291,1292,1289,1285,1285,1284,1283,1289,1296,1296,1296,1298,1296,1293,1289,1287,1280,1277,1275,1279,1286,1289,1295,1297,1296,1297,1302,1312,1319,1323,1325,1329,1333,1339,1343,1347,1350,1348,1347,1346,1350,1345,1345,1346,1352,1357,1364,1371,1373,1371,1369,1368,1366,1369,1371,1374,1378,1369,1361,1360,1359,1359,1362,1367,1372,1372,1372,1369,1378,1393,1419,1450,1479,1502,1509,1523,1531,1541,1539,1550,1561,1573,1587,1599,1602
395209,"Washington, DC",7,1773,1814,1801,1801,1814,1828,1837,1843,1845,1832,1823,1813,1817,1826,1827,1841,1847,1857,1861,1859,1854,1857,1852,1853,1855,1861,1870,1878,1887,1896,1880,1890,1887,1884,1878,1877,1884,1889,1895,1911,1921,1927,1928,1930,1926,1917,1906,1904,1906,1913,1919,1935,1946,1959,1967,1971,1965,1960,1959,1958,1964,1974,1982,1995,2007,2018,2024,2025,2025,2018,2011,2008,2014,2021,2028,2021,2010,2009,2005,1993,1976,1960,1942,1934,1934,1937,1946,1970,2003,2042,2081,2117,2134,2149,2157,2163,2167,2178,2192,2216,2239,2263,2278
394856,"Miami-Fort Lauderdale, FL",8,1566,1569,1572,1573,1585,1592,1609,1616,1628,1634,1642,1646,1651,1663,1665,1669,1681,1692,1695,1709,1720,1729,1740,1744,1748,1755,1760,1757,1762,1762,1764,1768,1772,1773,1780,1778,1783,1786,1790,1790,1791,1796,1801,1808,1813,1821,1823,1825,1830,1831,1833,1835,1839,1846,1852,1859,1867,1873,1879,1882,1881,1883,1888,1891,1891,1894,1901,1905,1911,1921,1930,1940,1940,1946,1945,1937,1925,1923,1926,1930,1936,1948,1965,1979,2004,2025,2054,2097,2144,2205,2280,2358,2413,2461,2525,2593,2621,2676,2726,2770,2815,2831,2841
394347,"Atlanta, GA",9,1062,1073,1073,1081,1086,1094,1099,1103,1101,1101,1104,1106,1109,1115,1122,1131,1143,1155,1162,1163,1160,1161,1161,1164,1169,1177,1191,1199,1210,1221,1229,1232,1235,1239,1238,1237,1241,1247,1256,1265,1278,1288,1299,1304,1308,1306,1305,1307,1313,1320,1331,1340,1354,1363,1370,1377,1381,1385,1389,1392,1402,1406,1417,1428,1438,1448,1454,1458,1463,1460,1458,1459,1464,1472,1479,1475,1475,1483,1493,1506,1516,1526,1534,1545,1558,1574,1595,1625,1659,1703,1756,1812,1845,1870,1880,1880,1886,1898,1908,1916,1940,1964,1980
394404,"Boston, MA",10,2071,2088,2089,2084,2101,2121,2135,2144,2138,2130,2114,2098,2110,2133,2156,2170,2190,2207,2211,2206,2200,2194,2182,2182,2208,2233,2249,2264,2284,2297,2297,2301,2289,2275,2257,2265,2294,2316,2325,2345,2356,2366,2374,2370,2358,2332,2331,2335,2358,2373,2389,2406,2421,2435,2440,2433,2414,2408,2403,2412,2432,2443,2462,2481,2501,2517,2517,2515,2499,2483,2477,2485,2504,2523,2537,2527,2518,2510,2497,2454,2395,2346,2317,2316,2332,2357,2388,2425,2466,2511,2549,2573,2599,2621,2647,2644,2653,2658,2680,2724,2770,2805,2834
395057,"San Francisco, CA",11,2189,2112,2177,2206,2271,2345,2369,2413,2457,2483,2486,2498,2521,2548,2578,2601,2644,2690,2704,2732,2747,2757,2757,2766,2773,2788,2800,2817,2837,2859,2855,2868,2853,2839,2828,2813,2815,2835,2846,2862,2890,2914,2929,2936,2937,2927,2914,2915,2924,2928,2943,2956,2982,2998,3013,3026,3028,3025,3023,3023,3025,3036,3050,3063,3080,3103,3118,3119,3113,3099,3096,3096,3112,3126,3122,3106,3090,3065,3034,2970,2911,2869,2851,2823,2826,2828,2865,2894,2932,2987,3049,3077,3090,3100,3098,3120,3128,3148,3182,3205,3237,3261,3277
394532,"Detroit, MI",12,951,956,961,963,970,976,982,985,984,983,983,981,981,986,994,996,1002,1009,1012,1016,1018,1008,1010,1011,1017,1018,1024,1030,1034,1041,1048,1057,1052,1052,1046,1044,1047,1051,1057,1067,1075,1083,1089,1093,1093,1091,1092,1091,1092,1098,1104,1106,1119,1125,1130,1134,1133,1132,1132,1131,1134,1134,1141,1150,1157,1166,1172,1176,1172,1171,1172,1172,1165,1170,1176,1179,1181,1191,1204,1212,1221,1236,1236,1246,1252,1259,1270,1288,1303,1320,1339,1354,1360,1371,1378,1386,1383,1395,1406,1433,1449,1460,1467
395025,"Riverside, CA",13,1421,1429,1428,1428,1435,1441,1455,1455,1461,1464,1468,1477,1480,1487,1493,1505,1508,1513,1518,1526,1535,1539,1545,1549,1551,1559,1565,1572,1579,1592,1597,1600,1613,1612,1619,1620,1631,1635,1649,1664,1675,1684,1693,1701,1705,1712,1718,1714,1720,1733,1745,1757,1762,1776,1788,1797,1807,1812,1811,1820,1822,1830,1834,1843,1849,1854,1871,1880,1883,1890,1893,1896,1903,1912,1912,1902,1899,1916,1940,1971,2006,2035,2055,2069,2098,2113,2150,2189,2220,2273,2332,2383,2413,2420,2426,2447,2480,2509,2542,2566,2578,2600,2612
394976,"Phoenix, AZ",14,947,961,956,957,966,972,974,978,981,982,983,985,988,1005,1009,1019,1027,1032,1033,1036,1041,1041,1044,1048,1055,1059,1068,1078,1085,1092,1095,1097,1098,1100,1102,1105,1109,1116,1125,1134,1143,1149,1154,1157,1161,1164,1163,1165,1172,1177,1191,1206,1215,1223,1231,1238,1243,1249,1254,1260,1263,1274,1285,1300,1312,1322,1331,1340,1341,1346,1352,1365,1372,1385,1388,1382,1382,1389,1401,1418,1434,1449,1466,1474,1488,1501,1528,1563,1611,1664,1722,1772,1804,1830,1855,1862,1873,1883,1895,1910,1923,1926,1921
395078,"Seattle, WA",15,1369,1397,1387,1406,1434,1449,1462,1477,1482,1479,1477,1481,1489,1503,1518,1529,1542,1560,1571,1583,1587,1593,1586,1583,1594,1604,1628,1646,1674,1692,1689,1708,1709,1712,1704,1705,1712,1722,1747,1768,1792,1809,1820,1824,1818,1808,1794,1786,1791,1802,1817,1836,1854,1865,1874,1875,1869,1863,1858,1858,1861,1872,1888,1908,1926,1946,1955,1962,1952,1948,1943,1948,1964,1981,1996,1985,1973,1971,1969,1958,1935,1907,1878,1858,1867,1877,1901,1941,1986,2039,2096,2138,2168,2177,2184,2188,2190,2212,2232,2259,2297,2334,2346
394865,"Minneapolis-St Paul, MN",16,1170,1187,1185,1189,1194,1207,1215,1225,1223,1218,1202,1200,1201,1210,1223,1235,1246,1255,1260,1259,1256,1253,1255,1255,1257,1268,1278,1286,1298,1305,1309,1310,1310,1311,1311,1304,1318,1329,1339,1348,1354,1363,1367,1370,1368,1360,1368,1367,1378,1382,1392,1403,1411,1424,1428,1428,1424,1424,1425,1425,1432,1440,1456,1467,1477,1488,1488,1476,1481,1479,1485,1481,1488,1500,1507,1509,1506,1508,1506,1508,1503,1512,1505,1501,1499,1496,1509,1524,1542,1556,1568,1578,1588,1588,1584,1589,1593,1608,1617,1626,1643,1653,1651
395056,"San Diego, CA",17,1761,1742,1756,1764,1788,1804,1813,1822,1830,1833,1842,1841,1856,1877,1889,1899,1908,1920,1929,1940,1946,1945,1956,1956,1963,1974,1990,2010,2025,2044,2044,2050,2059,2057,2060,2060,2064,2082,2099,2108,2130,2144,2154,2165,2163,2165,2156,2160,2173,2189,2199,2210,2231,2246,2255,2269,2270,2268,2272,2267,2269,2276,2286,2299,2314,2320,2335,2347,2345,2351,2350,2350,2354,2362,2362,2345,2345,2355,2362,2370,2382,2391,2411,2426,2430,2437,2460,2498,2542,2586,2648,2711,2755,2791,2818,2846,2847,2891,2940,3000,3047,3090,3126
395121,"St. Louis, MO",18,920,899,911,920,931,936,941,943,941,943,935,938,937,943,955,955,959,965,961,967,965,965,964,965,965,970,973,977,983,985,989,990,985,988,987,983,986,988,994,1000,1002,1006,1008,1009,1009,1011,1007,1006,1009,1010,1013,1022,1028,1025,1032,1033,1035,1032,1032,1033,1035,1039,1049,1057,1058,1072,1069,1069,1070,1068,1067,1066,1071,1075,1087,1088,1090,1091,1096,1101,1107,1112,1111,1109,1111,1118,1127,1143,1156,1165,1182,1192,1206,1211,1222,1229,1226,1240,1257,1270,1287,1303,1308
395148,"Tampa, FL",19,1095,1103,1105,1105,1114,1118,1124,1127,1130,1131,1134,1138,1144,1149,1154,1158,1164,1173,1180,1184,1186,1192,1199,1201,1205,1210,1219,1227,1231,1238,1240,1244,1248,1251,1256,1256,1262,1266,1274,1282,1288,1296,1301,1305,1301,1307,1314,1317,1322,1330,1339,1350,1357,1364,1370,1374,1375,1378,1385,1386,1388,1393,1402,1410,1420,1424,1429,1436,1440,1444,1444,1449,1457,1461,1468,1464,1459,1470,1479,1492,1506,1519,1532,1540,1549,1569,1582,1615,1664,1724,1791,1861,1906,1939,1966,1982,1987,2014,2036,2054,2089,2112,2118
394358,"Baltimore, MD",20,1375,1401,1401,1413,1421,1431,1443,1445,1444,1444,1443,1442,1434,1435,1434,1443,1448,1458,1467,1468,1463,1460,1458,1465,1460,1458,1465,1471,1476,1482,1481,1476,1470,1464,1459,1453,1453,1462,1463,1471,1488,1489,1491,1488,1481,1480,1477,1470,1468,1471,1481,1491,1499,1498,1501,1503,1499,1497,1496,1497,1499,1512,1519,1524,1531,1536,1540,1538,1535,1527,1527,1532,1536,1538,1534,1523,1522,1525,1532,1532,1538,1540,1547,1557,1558,1568,1583,1609,1636,1660,1691,1716,1729,1720,1738,1748,1751,1760,1771,1788,1801,1813,1811
394530,"Denver, CO",21,1212,1169,1196,1221,1246,1281,1297,1313,1324,1334,1344,1347,1351,1368,1383,1400,1415,1430,1437,1445,1446,1448,1442,1454,1457,1467,1468,1479,1497,1505,1511,1512,1512,1498,1492,1489,1493,1500,1516,1527,1545,1556,1563,1564,1558,1552,1546,1546,1552,1560,1569,1581,1593,1607,1616,1620,1616,1611,1610,1612,1615,1624,1634,1645,1658,1675,1677,1677,1669,1666,1663,1660,1663,1676,1681,1663,1659,1661,1667,1665,1662,1660,1658,1655,1662,1666,1683,1714,1751,1791,1833,1869,1884,1889,1894,1902,1914,1929,1952,1977,2003,2020,2021
394982,"Pittsburgh, PA",22,941,993,982,1007,1012,1027,1032,1056,1048,1031,1033,1038,1022,1031,1036,1040,1049,1052,1059,1064,1049,1039,1048,1036,1043,1060,1068,1072,1073,1072,1072,1065,1055,1054,1052,1054,1056,1069,1076,1083,1085,1087,1087,1083,1074,1074,1078,1077,1086,1094,1101,1106,1113,1116,1123,1121,1113,1115,1119,1122,1122,1129,1138,1143,1144,1150,1153,1154,1158,1159,1164,1171,1171,1174,1175,1176,1179,1183,1181,1179,1173,1181,1185,1183,1184,1193,1200,1214,1223,1238,1244,1261,1273,1276,1287,1280,1281,1294,1309,1314,1326,1343,1349
394998,"Portland, OR",23,1136,1160,1163,1166,1186,1205,1221,1232,1240,1245,1242,1247,1255,1260,1273,1289,1307,1328,1348,1366,1372,1376,1372,1373,1375,1385,1399,1415,1432,1446,1455,1455,1456,1448,1444,1441,1446,1454,1464,1477,1491,1497,1504,1509,1506,1496,1489,1481,1485,1491,1499,1509,1525,1535,1545,1550,1549,1542,1541,1540,1539,1549,1557,1564,1578,1585,1596,1603,1604,1600,1599,1600,1598,1606,1607,1596,1595,1602,1609,1617,1621,1615,1614,1610,1624,1624,1638,1662,1693,1723,1757,1785,1805,1810,1816,1821,1827,1840,1855,1877,1908,1933,1941
394458,"Charlotte, NC",24,1044,1048,1049,1055,1067,1076,1083,1088,1086,1086,1083,1087,1089,1091,1093,1107,1121,1130,1137,1144,1143,1141,1142,1143,1148,1158,1166,1170,1178,1186,1193,1197,1199,1204,1202,1198,1207,1207,1215,1229,1239,1246,1254,1255,1256,1254,1257,1252,1253,1260,1267,1279,1289,1299,1303,1308,1306,1306,1314,1321,1321,1329,1336,1345,1360,1365,1371,1371,1376,1379,1375,1376,1383,1386,1394,1380,1376,1383,1390,1392,1397,1402,1411,1414,1424,1433,1451,1479,1505,1538,1573,1612,1642,1659,1677,1693,1700,1710,1718,1740,1773,1800,1815
395045,"Sacramento, CA",25,1251,1276,1269,1269,1279,1287,1302,1303,1308,1316,1312,1310,1320,1323,1337,1351,1362,1370,1379,1394,1407,1408,1401,1411,1421,1425,1437,1458,1476,1491,1499,1510,1502,1509,1519,1530,1534,1548,1565,1578,1598,1613,1619,1633,1642,1646,1643,1646,1648,1657,1666,1679,1699,1714,1722,1733,1727,1730,1734,1738,1743,1754,1770,1777,1788,1801,1809,1811,1817,1816,1818,1812,1817,1833,1838,1838,1834,1853,1871,1889,1908,1921,1937,1945,1959,1970,1984,2009,2045,2087,2141,2165,2178,2191,2205,2195,2194,2212,2237,2254,2279,2298,2309
395055,"San Antonio, TX",26,989,1002,999,1008,1016,1021,1020,1027,1029,1030,1026,1015,1024,1033,1042,1050,1058,1064,1067,1070,1064,1069,1071,1076,1071,1075,1086,1091,1097,1100,1098,1105,1105,1105,1110,1108,1108,1115,1122,1127,1131,1136,1140,1139,1137,1137,1134,1135,1134,1137,1147,1151,1157,1164,1167,1173,1173,1175,1177,1174,1176,1180,1185,1189,1199,1203,1209,1215,1218,1219,1213,1214,1215,1218,1218,1215,1214,1216,1222,1230,1232,1233,1236,1239,1243,1244,1256,1273,1293,1318,1351,1386,1408,1416,1421,1435,1436,1446,1455,1470,1487,1500,1512
394943,"Orlando, FL",27,1125,1137,1137,1142,1150,1161,1183,1178,1177,1173,1169,1172,1176,1182,1188,1198,1211,1215,1225,1231,1235,1238,1236,1239,1245,1247,1252,1263,1277,1284,1292,1296,1295,1297,1294,1294,1302,1311,1310,1325,1338,1347,1355,1358,1349,1361,1366,1376,1383,1392,1402,1411,1421,1433,1441,1446,1447,1450,1452,1452,1457,1461,1468,1477,1488,1496,1503,1504,1507,1510,1506,1509,1511,1516,1521,1511,1507,1511,1517,1518,1519,1518,1520,1528,1538,1548,1566,1597,1629,1675,1730,1784,1823,1858,1889,1899,1907,1926,1957,1981,2021,2056,2063
394466,"Cincinnati, OH",28,,883,895,895,913,915,922,927,927,923,916,916,917,922,938,939,940,947,954,961,959,959,961,961,966,967,975,976,982,982,985,990,989,988,991,999,1001,1008,1010,1017,1022,1025,1026,1026,1030,1028,1031,1033,1036,1039,1047,1054,1063,1064,1067,1069,1074,1084,1083,1089,1090,1093,1105,1110,1123,1124,1131,1132,1135,1132,1142,1139,1149,1157,1157,1159,1162,1168,1175,1177,1182,1187,1195,1199,1201,1208,1221,1235,1244,1261,1276,1281,1296,1309,1316,1323,1321,1336,1353,1376,1394,1417,1436
394475,"Cleveland, OH",29,960,958,956,964,968,980,988,974,976,981,984,988,990,996,1003,1009,1016,1040,1029,1021,1018,1022,1026,1014,1022,1033,1036,1040,1051,1068,1104,1091,1062,1046,1039,1037,1033,1038,1040,1048,1052,1056,1057,1056,1062,1059,1058,1051,1056,1059,1066,1072,1082,1080,1085,1088,1089,1092,1091,1091,1096,1103,1109,1115,1122,1121,1124,1118,1117,1117,1121,1124,1125,1132,1134,1144,1146,1148,1148,1172,1165,1161,1164,1174,1175,1191,1202,1203,1223,1237,1254,1264,1276,1277,1283,1294,1286,1312,1322,1340,1359,1371,1361
394735,"Kansas City, MO",30,888,875,886,900,904,920,938,935,930,924,920,919,923,920,934,940,941,955,957,966,956,957,958,959,961,965,971,978,982,987,989,994,996,997,998,999,1000,1003,1006,1014,1021,1022,1028,1031,1030,1033,1035,1037,1033,1036,1042,1050,1057,1063,1063,1069,1071,1065,1066,1064,1068,1076,1082,1090,1098,1106,1110,1111,1110,1103,1104,1112,1111,1120,1128,1132,1136,1145,1154,1157,1172,1168,1166,1168,1166,1168,1181,1198,1218,1236,1251,1257,1251,1266,1277,1287,1288,1302,1313,1333,1352,1369,1383
394775,"Las Vegas, NV",31,1011,1014,1014,1015,1022,1030,1034,1036,1036,1037,1038,1035,1035,1040,1045,1052,1059,1067,1072,1077,1079,1078,1080,1082,1083,1088,1096,1102,1112,1121,1123,1126,1128,1128,1131,1129,1131,1138,1147,1156,1166,1174,1184,1188,1193,1194,1196,1200,1201,1211,1220,1233,1246,1256,1264,1271,1273,1276,1283,1283,1289,1297,1307,1319,1331,1341,1349,1353,1353,1350,1348,1350,1355,1363,1366,1352,1350,1360,1377,1395,1409,1425,1437,1441,1453,1470,1485,1518,1568,1627,1686,1741,1773,1790,1800,1805,1817,1815,1827,1844,1867,1880,1877
394492,"Columbus, OH",32,935,966,944,939,950,954,952,958,963,976,974,971,963,964,973,980,995,1000,1002,1008,1008,1014,1023,1013,1016,1015,1021,1028,1038,1047,1044,1039,1038,1040,1040,1049,1046,1050,1064,1068,1076,1084,1086,1089,1087,1090,1094,1099,1098,1104,1115,1126,1131,1137,1142,1138,1142,1142,1145,1146,1155,1161,1168,1171,1172,1177,1181,1181,1191,1191,1191,1192,1200,1204,1205,1211,1216,1224,1232,1238,1239,1253,1260,1261,1258,1258,1271,1280,1297,1313,1336,1355,1355,1371,1382,1399,1391,1402,1408,1437,1459,1476,1493
394705,"Indianapolis, IN",33,957,953,957,962,975,981,980,985,983,987,978,974,970,977,989,995,996,998,1001,1004,1008,1009,1013,1011,1009,1010,1016,1027,1033,1036,1044,1041,1038,1034,1029,1027,1031,1038,1043,1051,1057,1063,1064,1065,1068,1072,1072,1070,1078,1078,1085,1091,1097,1103,1107,1110,1109,1109,1110,1109,1113,1119,1130,1140,1148,1156,1160,1156,1164,1163,1156,1155,1161,1170,1177,1178,1191,1206,1213,1223,1227,1231,1227,1239,1246,1258,1265,1276,1297,1323,1348,1369,1385,1390,1392,1392,1398,1415,1431,1451,1470,1496,1510
395059,"San Jose, CA",34,2162,2183,2184,2220,2308,2422,2463,2503,2537,2534,2536,2540,2565,2603,2617,2649,2683,2742,2776,2818,2797,2816,2803,2805,2807,2826,2824,2839,2859,2867,2888,2868,2855,2823,2802,2796,2817,2827,2836,2860,2885,2909,2929,2921,2928,2912,2894,2889,2906,2926,2946,2962,2988,3022,3039,3041,3038,3030,3015,2998,3011,3029,3052,3062,3077,3099,3112,3122,3108,3091,3080,3083,3096,3119,3127,3100,3075,3051,3018,2976,2944,2889,2861,2845,2833,2840,2860,2878,2924,2971,3022,3067,3085,3081,3090,3103,3130,3168,3193,3239,3281,3335,3369
394355,"Austin, TX",35,1190,1197,1194,1207,1224,1232,1250,1254,1256,1249,1249,1251,1259,1262,1275,1280,1292,1298,1306,1310,1310,1306,1310,1314,1316,1320,1329,1334,1342,1350,1352,1347,1344,1340,1337,1336,1338,1345,1354,1362,1367,1377,1378,1371,1360,1356,1356,1353,1349,1360,1368,1377,1389,1404,1412,1416,1417,1416,1421,1418,1420,1429,1437,1446,1456,1467,1476,1479,1477,1477,1477,1476,1479,1487,1494,1482,1470,1467,1469,1463,1452,1448,1450,1453,1469,1484,1508,1545,1589,1643,1705,1757,1782,1798,1801,1815,1806,1821,1835,1859,1888,1916,1929
395194,"Virginia Beach, VA",36,1152,1169,1166,1167,1174,1178,1182,1181,1179,1178,1178,1181,1181,1182,1186,1191,1191,1197,1199,1198,1195,1195,1191,1193,1197,1203,1203,1208,1211,1211,1212,1210,1204,1205,1200,1203,1211,1216,1220,1229,1229,1228,1232,1233,1232,1230,1227,1225,1226,1233,1244,1250,1250,1250,1255,1257,1253,1253,1257,1257,1261,1269,1275,1279,1289,1293,1294,1297,1295,1295,1299,1301,1299,1303,1304,1302,1303,1309,1326,1340,1348,1355,1362,1370,1373,1380,1394,1416,1448,1476,1513,1538,1564,1577,1571,1571,1556,1565,1578,1591,1610,1628,1641
394902,"Nashville, TN",37,1088,1146,1115,1136,1138,1150,1160,1164,1167,1175,1176,1174,1174,1184,1198,1209,1217,1231,1237,1240,1239,1243,1240,1245,1255,1259,1275,1278,1291,1300,1309,1319,1310,1307,1297,1303,1307,1308,1321,1331,1348,1350,1354,1365,1362,1350,1342,1339,1345,1346,1358,1371,1379,1394,1395,1392,1389,1388,1383,1386,1393,1402,1410,1420,1435,1443,1452,1451,1449,1447,1451,1456,1463,1467,1475,1475,1476,1477,1482,1484,1475,1474,1471,1475,1486,1488,1507,1536,1566,1602,1645,1692,1713,1733,1749,1761,1779,1803,1817,1830,1858,1882,1888
395005,"Providence, RI",38,1107,1192,1183,1174,1172,1188,1192,1180,1156,1166,1157,1159,1167,1201,1215,1219,1236,1229,1232,1226,1210,1219,1232,1233,1249,1260,1261,1277,1281,1273,1290,1292,1273,1275,1273,1287,1295,1319,1337,1341,1344,1346,1335,1331,1284,1309,1328,1336,1365,1371,1383,1399,1402,1410,1407,1397,1397,1389,1402,1411,1418,1436,1451,1469,1478,1477,1468,1461,1458,1473,1468,1463,1478,1492,1514,1519,1507,1518,1542,1540,1541,1556,1589,1598,1615,1625,1635,1672,1716,1718,1746,1763,1762,1769,1781,1806,1831,1847,1878,1924,1981,1979,1966
394862,"Milwaukee, WI",39,,924,961,941,942,952,961,965,964,959,961,968,975,961,966,980,981,983,982,988,983,986,980,976,975,980,986,998,995,1002,1004,999,995,996,994,998,996,997,1002,1007,1019,1020,1019,1017,1015,1011,1006,1012,1018,1019,1022,1030,1036,1042,1038,1038,1037,1037,1035,1037,1040,1047,1053,1059,1064,1064,1067,1063,1068,1068,1068,1071,1070,1074,1079,1083,1081,1085,1089,1092,1092,1099,1094,1093,1097,1104,1109,1120,1128,1139,1148,1162,1169,1174,1173,1172,1185,1189,1194,1202,1213,1227,1241
394714,"Jacksonville, FL",40,1045,1036,1045,1060,1056,1059,1060,1063,1063,1064,1064,1062,1068,1064,1064,1073,1082,1091,1097,1100,1097,1099,1098,1099,1104,1112,1116,1121,1126,1132,1133,1140,1139,1134,1138,1135,1140,1143,1152,1161,1168,1176,1182,1188,1171,1177,1185,1189,1197,1201,1209,1219,1228,1238,1244,1247,1248,1248,1251,1256,1252,1258,1265,1271,1279,1287,1293,1297,1300,1295,1297,1297,1301,1307,1312,1309,1311,1317,1326,1343,1350,1359,1362,1365,1378,1393,1412,1441,1474,1520,1570,1614,1650,1663,1685,1702,1702,1715,1721,1741,1763,1776,1784
394849,"Memphis, TN",41,969,959,971,973,979,984,987,988,985,989,989,993,994,994,992,994,998,1000,1002,1005,1004,1002,1006,1005,1006,1013,1015,1017,1018,1024,1026,1025,1027,1029,1026,1028,1028,1028,1031,1037,1040,1039,1047,1049,1051,1049,1049,1048,1055,1056,1060,1069,1073,1082,1087,1089,1087,1088,1092,1095,1097,1104,1111,1118,1123,1128,1134,1136,1137,1133,1133,1139,1146,1157,1169,1175,1176,1194,1206,1226,1236,1244,1258,1253,1266,1275,1289,1316,1350,1371,1389,1416,1428,1448,1452,1462,1466,1478,1494,1507,1525,1536,1530
394935,"Oklahoma City, OK",42,962,977,978,989,997,1004,1011,1011,1003,1001,1002,1011,1014,1011,1017,1019,1037,1039,1040,1035,1025,1013,1006,1014,1018,1025,1027,1031,1033,1037,1033,1031,1021,1012,1008,1013,1007,1015,1025,1027,1032,1038,1040,1042,1035,1032,1022,1023,1032,1034,1042,1048,1050,1058,1059,1058,1058,1059,1059,1059,1059,1067,1069,1077,1114,1105,1097,1095,1092,1089,1089,1088,1091,1092,1100,1102,1108,1108,1113,1115,1119,1126,1131,1127,1130,1132,1145,1160,1182,1209,1229,1245,1251,1254,1260,1262,1268,1276,1289,1306,1323,1336,1343
394807,"Louisville-Jefferson County, KY",43,857,870,868,868,884,888,898,900,898,901,894,897,895,910,907,932,922,921,929,927,929,917,922,924,930,929,938,945,954,965,965,970,965,965,965,972,973,988,991,994,999,1005,1008,1007,1007,999,996,1005,1005,1015,1021,1024,1028,1031,1029,1036,1035,1035,1035,1033,1039,1043,1048,1061,1066,1069,1066,1062,1069,1064,1060,1061,1071,1076,1083,1083,1087,1098,1103,1103,1108,1113,1114,1115,1111,1115,1122,1139,1150,1157,1168,1174,1188,1188,1201,1214,1222,1236,1254,1269,1284,1295,1311
394669,"Hartford, CT",44,1228,1208,1200,1206,1212,1223,1236,1235,1233,1232,1232,1232,1235,1247,1247,1253,1253,1261,1264,1260,1257,1259,1257,1258,1265,1270,1269,1270,1278,1281,1283,1286,1285,1276,1278,1280,1279,1285,1291,1298,1307,1308,1310,1311,1306,1301,1299,1299,1305,1311,1314,1322,1333,1332,1337,1332,1331,1330,1336,1337,1340,1342,1348,1354,1354,1364,1368,1369,1362,1356,1353,1364,1370,1372,1374,1381,1381,1390,1396,1401,1417,1420,1432,1428,1438,1431,1451,1468,1492,1514,1534,1544,1565,1541,1546,1566,1552,1573,1604,1634,1658,1665,1680
395022,"Richmond, VA",45,,1050,1072,1068,1089,1101,1107,1104,1110,1103,1096,1110,1110,1106,1113,1122,1122,1117,1130,1139,1133,1130,1135,1127,1135,1133,1154,1159,1155,1158,1175,1165,1163,1157,1156,1155,1156,1165,1169,1185,1195,1198,1203,1197,1192,1192,1198,1200,1208,1209,1219,1232,1241,1247,1247,1244,1240,1239,1247,1245,1249,1256,1267,1278,1286,1288,1289,1294,1295,1290,1286,1294,1297,1303,1309,1301,1311,1313,1320,1326,1326,1329,1339,1340,1344,1350,1369,1386,1414,1444,1466,1467,1490,1503,1529,1540,1525,1540,1557,1574,1598,1614,1631
394910,"New Orleans, LA",46,1141,1113,1123,1110,1111,1113,1150,1148,1143,1116,1126,1140,1149,1143,1144,1142,1151,1161,1160,1159,1160,1162,1165,1177,1178,1169,1164,1167,1175,1172,1168,1166,1176,1181,1178,1192,1183,1192,1185,1185,1190,1188,1192,1198,1201,1200,1202,1203,1173,1178,1199,1205,1204,1204,1206,1202,1206,1213,1217,1201,1201,1203,1210,1214,1221,1220,1222,1223,1238,1236,1244,1242,1238,1244,1234,1232,1235,1233,1238,1235,1252,1258,1259,1270,1277,1275,1276,1293,1308,1304,1326,1350,1391,1399,1440,1495,1488,1519,1520,1519,1522,1529,1531
394425,"Buffalo, NY",47,847,776,816,833,836,844,856,838,851,862,854,853,858,868,881,884,906,879,892,902,904,895,898,901,908,898,909,918,923,924,920,927,927,928,925,927,946,951,950,948,951,959,959,958,951,954,960,967,963,971,976,979,990,992,993,993,987,986,993,996,1000,1008,1017,1018,1024,1022,1023,1020,1016,1023,1023,1022,1034,1042,1056,1048,1051,1060,1064,1075,1070,1072,1071,1074,1086,1098,1096,1114,1124,1138,1155,1165,1172,1177,1165,1183,1180,1206,1214,1224,1237,1252,1266
395012,"Raleigh, NC",48,1132,1128,1122,1135,1142,1152,1160,1162,1160,1156,1153,1148,1157,1163,1172,1179,1188,1197,1206,1206,1208,1203,1199,1191,1197,1204,1217,1226,1233,1241,1244,1247,1250,1248,1242,1237,1238,1244,1251,1260,1270,1281,1283,1281,1280,1279,1275,1275,1275,1279,1286,1297,1305,1314,1319,1324,1323,1317,1319,1317,1320,1332,1342,1347,1360,1373,1378,1378,1378,1377,1373,1377,1384,1379,1389,1380,1373,1381,1387,1392,1397,1399,1406,1407,1414,1419,1433,1456,1490,1529,1578,1612,1630,1647,1657,1668,1680,1691,1704,1720,1745,1771,1786
394388,"Birmingham, AL",49,965,972,970,969,969,976,979,991,988,985,978,985,987,993,994,999,999,1001,1006,1007,1011,1012,1013,1011,1010,1020,1015,1028,1021,1021,1025,1021,1027,1032,1021,1023,1027,1026,1030,1034,1038,1039,1047,1041,1061,1048,1050,1056,1054,1050,1059,1066,1072,1076,1067,1077,1074,1084,1087,1091,1099,1103,1110,1107,1111,1115,1118,1120,1126,1123,1123,1122,1123,1130,1154,1151,1144,1140,1151,1158,1172,1165,1177,1184,1190,1193,1197,1205,1220,1233,1257,1270,1277,1289,1310,1314,1319,1319,1331,1340,1352,1360,1369
395053,"Salt Lake City, UT",50,943,989,975,988,1004,1015,1024,1025,1012,1023,1016,1021,1025,1028,1030,1045,1050,1062,1063,1056,1064,1065,1067,1076,1079,1082,1091,1095,1101,1107,1107,1121,1123,1123,1126,1121,1123,1135,1143,1154,1165,1176,1174,1185,1193,1190,1177,1167,1179,1205,1214,1216,1226,1230,1242,1245,1252,1250,1245,1254,1258,1261,1270,1283,1291,1294,1303,1306,1310,1302,1300,1295,1302,1304,1316,1305,1299,1307,1313,1316,1328,1329,1326,1330,1337,1347,1368,1398,1439,1465,1489,1510,1525,1556,1569,1587,1596,1620,1646,1670,1689,1706,1702
395031,"Rochester, NY",51,,981,957,975,990,984,1001,1015,1017,1014,999,1015,1006,1019,1026,1014,1026,1029,1037,1034,1050,1044,1043,1046,1053,1041,1045,1045,1055,1067,1063,1062,1067,1066,1055,1059,1061,1077,1073,1079,1086,1088,1093,1097,1095,1092,1088,1095,1106,1118,1113,1116,1122,1131,1130,1134,1128,1125,1123,1120,1129,1136,1137,1147,1158,1164,1165,1152,1147,1142,1151,1152,1160,1163,1172,1178,1171,1172,1184,1184,1183,1186,1202,1218,1230,1245,1256,1277,1299,1309,1324,1334,1330,1329,1332,1351,1330,1354,1384,1400,1425,1456,1459
394640,"Grand Rapids, MI",52,757,786,780,797,832,835,841,844,844,836,841,833,837,845,851,872,885,901,905,901,907,904,912,910,917,919,935,954,971,979,988,982,983,980,982,983,980,995,998,1004,1031,1044,1047,1045,1044,1037,1038,1030,1031,1041,1054,1071,1082,1090,1092,1095,1092,1088,1090,1090,1095,1098,1103,1114,1139,1143,1144,1138,1138,1142,1147,1140,1142,1150,1158,1163,1171,1184,1189,1183,1189,1197,1201,1205,1199,1210,1231,1245,1263,1287,1328,1342,1335,1310,1340,1362,1358,1370,1382,1408,1448,1452,1460
395167,"Tucson, AZ",53,931,945,944,943,947,950,952,950,950,948,950,946,949,952,955,960,961,966,971,968,968,973,964,969,973,980,984,989,996,991,994,999,1000,1001,999,1007,1009,1018,1027,1034,1043,1043,1045,1048,1049,1050,1053,1057,1061,1071,1072,1088,1092,1103,1110,1114,1114,1120,1125,1134,1137,1143,1150,1155,1166,1171,1177,1189,1183,1183,1193,1200,1209,1217,1216,1211,1216,1222,1233,1249,1266,1292,1297,1297,1302,1324,1346,1375,1394,1415,1436,1480,1501,1532,1544,1560,1561,1592,1604,1611,1613,1636,1648
753924,"Urban Honolulu, HI",54,1908,1946,1939,1930,1976,2000,1986,2006,2054,2060,2077,2114,2115,2108,2115,2112,2116,2120,2128,2147,2152,2145,2154,2156,2162,2143,2156,2162,2159,2172,2184,2184,2182,2168,2184,2176,2176,2180,2191,2205,2206,2195,2199,2206,2204,2204,2207,2205,2204,2218,2224,2225,2231,2243,2242,2245,2241,2239,2242,2242,2252,2253,2272,2280,2274,2267,2284,2286,2288,2292,2283,2283,2288,2309,2295,2282,2274,2265,2267,2273,2274,2258,2288,2294,2284,2325,2349,2396,2422,2401,2452,2482,2498,2519,2505,2535,2495,2512,2556,2572,2625,2610,2612
395169,"Tulsa, OK",55,904,920,913,907,918,922,936,937,930,934,937,939,929,940,938,939,960,954,956,975,964,960,960,957,955,945,952,953,962,965,969,969,959,988,980,978,967,963,967,971,972,978,976,975,970,973,977,970,975,981,977,976,982,989,991,993,999,996,990,985,992,995,991,991,1102,,1038,1025,1022,1026,1028,1022,1026,1029,1032,1027,1024,1033,1044,1059,1059,1075,1088,1090,1087,1088,1107,1119,1129,1137,1174,1195,1209,1183,1244,1264,1256,1260,1266,1277,1292,1308,1312
394619,"Fresno, CA",56,1144,1174,1164,1168,1191,1182,1175,1178,1182,1185,1191,1191,1195,1199,1197,1208,1212,1217,1216,1210,1210,1220,1224,1227,1233,1243,1247,1250,1255,1264,1270,1273,1276,1266,1275,1279,1275,1282,1293,1299,1319,1328,1338,1341,1341,1347,1344,1358,1346,1359,1364,1379,1391,1394,1406,1406,1419,1423,1417,1440,1436,1452,1453,1463,1466,1477,1492,1493,1502,1507,1499,1518,1531,1541,1536,1521,1523,1534,1538,1556,1572,1598,1611,1615,1629,1658,1688,1731,1768,1811,1872,1908,1904,1890,1913,1898,1904,1911,1927,1949,1976,1965,1959
395238,"Worcester, MA",57,1133,1116,1132,1130,1142,1148,1158,1162,1172,1167,1170,1171,1170,1175,1184,1189,1194,1207,1209,1210,1210,1212,1214,1225,1226,1229,1235,1243,1260,1267,1271,1273,1275,1279,1277,1289,1288,1305,1306,1319,1328,1335,1328,1332,1334,1339,1336,1344,1357,1358,1373,1376,1379,1395,1416,1415,1426,1421,1418,1423,1425,1439,1442,1455,1465,1463,1478,1473,1486,1489,1495,1503,1514,1521,1514,1518,1507,1522,1533,1535,1546,1552,1558,1569,1550,1560,1577,1607,1636,1655,1681,1702,1714,1724,1762,1754,1749,1788,1818,1848,1879,1914,1918
394415,"Stamford, CT",58,1836,1859,1893,1907,1950,1988,1989,1975,1966,1964,1957,2000,1998,1985,1993,1999,2020,2019,2033,2026,2030,2015,2000,2011,2036,2025,2036,2029,2051,2057,2058,2056,2051,2054,2036,2029,2041,2081,2070,2080,2100,2092,2094,2097,2090,2091,2086,2075,2090,2088,2108,2126,2136,2154,2156,2152,2155,2144,2143,2147,2156,2162,2162,2181,2189,2201,2204,2212,2225,2220,2196,2193,2190,2218,2227,2235,2242,2255,2269,2277,2300,2319,2314,2304,2321,2340,2362,2410,2452,2487,2514,2536,2542,2532,2558,2535,2555,2574,2623,2669,2713,2752,2754
394312,"Albuquerque, NM",59,959,958,963,963,970,971,977,981,977,976,973,972,975,974,981,990,996,998,1001,1005,1003,1001,995,997,995,1000,1007,1016,1018,1025,1030,1034,1030,1032,1027,1021,1020,1032,1035,1040,1044,1052,1052,1054,1048,1047,1050,1048,1052,1056,1064,1070,1074,1079,1085,1090,1085,1086,1084,1092,1091,1094,1101,1106,1116,1127,1137,1140,1143,1141,1139,1139,1145,1154,1157,1151,1143,1166,1188,1198,1219,1226,1227,1225,1225,1240,1256,1284,1308,1343,1381,1429,1440,1438,1449,1466,1454,1473,1477,1497,1538,1553,1568
394308,"Albany, NY",60,1011,1034,1009,1039,1043,1039,1057,1079,1075,1082,1070,1080,1089,1085,1087,1084,1085,1090,1087,1085,1073,1092,1088,1084,1094,1093,1117,1116,1118,1116,1113,1117,1125,1121,1122,1155,1145,1147,1135,1144,1147,1150,1143,1142,1140,1127,1146,1134,1155,1164,1175,1172,1174,1171,1169,1171,1180,1180,1161,1184,1190,1178,1187,1183,1196,1195,1207,1205,1198,1205,1207,1215,1222,1215,1224,1251,1230,1227,1228,1234,1250,1258,1254,1255,1250,1231,1251,1289,1315,1325,1347,1345,1359,1363,1367,1377,1364,1381,1404,1399,1418,1440,1441
394938,"Omaha, NE",61,857,820,848,850,862,864,876,872,876,876,876,882,882,891,907,915,905,911,911,911,908,905,904,910,915,916,922,925,931,935,937,943,945,945,943,949,946,950,952,958,967,961,975,972,969,966,964,966,963,972,970,977,987,989,990,991,993,994,991,991,997,999,1001,1007,1018,1028,1030,1027,1026,1030,1031,1033,1034,1038,1051,1055,1063,1067,1074,1079,1074,1069,1068,1073,1074,1081,1089,1098,1114,1139,1152,1158,1160,1165,1172,1176,1172,1186,1199,1223,1240,1251,1260
394908,"New Haven, CT",62,1291,1310,1310,1323,1339,1351,1362,1352,1351,1340,1359,1361,1366,1366,1378,1387,1393,1388,1392,1389,1385,1379,1388,1370,1382,1403,1402,1422,1429,1432,1429,1421,1419,1413,1411,1414,1421,1422,1430,1445,1448,1453,1452,1462,1450,1448,1455,1459,1456,1463,1469,1482,1488,1488,1492,1489,1500,1488,1488,1500,1507,1508,1521,1530,1531,1525,1525,1525,1519,1536,1546,1548,1548,1563,1566,1569,1574,1577,1567,1573,1583,1602,1614,1606,1613,1616,1643,1651,1695,1728,1780,1777,1780,1802,1835,1830,1811,1819,1844,1889,1897,1913,1935
394357,"Bakersfield, CA",63,1086,1041,1062,1068,1080,1102,1098,1101,1101,1096,1101,1104,1098,1110,1119,1124,1123,1124,1125,1124,1127,1122,1119,1120,1117,1130,1123,1133,1134,1142,1150,1153,1154,1151,1153,1158,1154,1161,1170,1174,1178,1180,1185,1187,1192,1176,1184,1192,1203,1205,1211,1221,1227,1230,1234,1237,1241,1246,1246,1248,1263,1267,1288,1295,1297,1303,1304,1307,1311,1317,1320,1320,1331,1346,1334,1344,1346,1366,1394,1422,1420,1427,1433,1426,1463,1469,1477,1504,1512,1532,1563,1567,1623,1619,1661,1697,1735,1755,1760,1758,1807,1811,1803
394753,"Knoxville, TN",64,960,982,978,984,987,988,988,994,984,987,985,986,1002,1005,1020,1027,1030,1016,1020,1020,1005,997,995,999,997,1019,1024,1035,1052,1058,1061,1063,1050,1036,1045,1050,1049,1069,1074,1083,1087,1087,1097,1096,1099,1098,1099,1087,1102,1107,1115,1116,1135,1138,1146,1143,1153,1150,1148,1155,1172,1173,1188,1190,1197,1216,1209,1213,1214,1217,1217,1230,1229,1239,1227,1226,1230,1241,1253,1271,1282,1303,1307,1312,1315,1338,1333,1352,1395,1434,1478,1516,1543,1549,1550,1575,1579,1596,1628,1671,1699,1724,1773
394653,"Greenville, SC",65,994,1065,1049,1038,1030,1017,1020,1022,1021,1020,1002,1004,1007,1009,1033,1046,1057,1063,1059,1056,1059,1062,1065,1065,1073,1081,1096,1122,1124,1117,1113,1113,1118,1106,1092,1100,1093,1102,1116,1126,1139,1143,1143,1145,1137,1129,1129,1129,1140,1147,1154,1168,1170,1177,1185,1180,1186,1183,1183,1181,1183,1193,1196,1202,1216,1220,1225,1217,1226,1219,1222,1224,1222,1236,1249,1241,1233,1233,1228,1237,1241,1243,1248,1256,1267,1266,1285,1301,1324,1356,1394,1412,1416,1436,1443,1438,1440,1446,1465,1479,1496,1522,1545
394952,"Ventura, CA",66,1929,1931,1900,1928,1942,1952,1975,1983,1992,1984,2000,2006,2013,2007,2031,2061,2072,2072,2085,2092,2099,2096,2096,2084,2092,2099,2127,2134,2145,2163,2183,2186,2188,2202,2211,2193,2203,2220,2246,2251,2263,2255,2264,2274,2284,2271,2277,2296,2298,2327,2334,2323,2345,2360,2368,2387,2373,2396,2402,2405,2401,2412,2431,2406,2428,2446,2448,2446,2447,2443,2451,2465,2477,2485,2476,2438,2451,2459,2472,2491,2507,2517,2545,2592,2598,2595,2633,2687,2708,2757,2784,2812,2878,2903,2910,2956,2950,2980,3014,3038,3075,3050,3039
394318,"Allentown, PA",67,1174,1200,1186,1192,1205,1217,1215,1215,1218,1218,1208,1214,1204,1206,1215,1231,1230,1235,1236,1243,1234,1240,1236,1244,1245,1244,1256,1260,1263,1267,1277,1267,1273,1277,1275,1267,1268,1277,1296,1301,1300,1306,1303,1315,1319,1319,1310,1305,1307,1317,1322,1334,1341,1344,1355,1353,1360,1347,1357,1363,1352,1370,1376,1383,1393,1395,1406,1408,1415,1405,1406,1406,1411,1418,1414,1414,1421,1432,1440,1456,1476,1495,1506,1511,1530,1536,1562,1577,1607,1653,1684,1702,1712,1728,1742,1768,1794,1801,1813,1831,1833,1847,1844
394561,"El Paso, TX",68,1019,1029,1026,1032,1031,1033,1029,1040,1029,1029,1027,1031,1030,1032,1032,1034,1037,1038,1038,1040,1035,1030,1026,1031,1031,1040,1038,1040,1040,1042,1043,1039,1037,1033,1040,1055,1043,1043,1046,1043,1043,1047,1048,1047,1046,1041,1042,1044,1044,1042,1046,1060,1059,1062,1066,1066,1057,1057,1062,1069,1068,1058,1067,1075,1081,1082,1085,1092,1099,1095,1097,1100,1106,1108,1111,1118,1126,1132,1144,1150,1152,1159,1177,1173,1170,1182,1194,1210,1231,1220,1253,1277,1287,1298,1296,1316,1327,1369,1397,1417,1434,1457,1449
394367,"Baton Rouge, LA",69,1095,1107,1119,1124,1112,1100,1108,1115,1114,1117,1099,1094,1102,1116,1124,1162,1147,1133,1134,1123,1127,1124,1114,1122,1140,1136,1161,1157,1153,1164,1158,1157,1170,1177,1190,1190,1192,1192,1194,1193,1185,1184,1172,1167,1169,1177,1172,1182,1168,1172,1173,1186,1188,1183,1181,1178,1182,1185,1175,1169,1172,1169,1173,1180,1188,1190,1183,1182,1183,1178,1172,1156,1166,1163,1170,1174,1178,1178,1185,1195,1201,1191,1191,1192,1203,1208,1209,1224,1222,1240,1262,1276,1301,1308,1300,1313,1322,1331,1337,1349,1361,1375,1379
394521,"Dayton, OH",70,841,836,836,830,842,850,851,861,863,856,861,855,855,858,858,865,870,875,879,881,876,874,881,883,886,895,903,905,911,911,909,909,907,904,918,912,915,913,917,922,933,936,943,946,946,945,948,954,950,951,963,961,976,973,984,980,979,978,975,983,986,988,995,1001,1006,1003,1020,1024,1021,1029,1037,1035,1033,1039,1048,1039,1050,1054,1064,1070,1070,1074,1081,1087,1084,1097,1115,1115,1117,1136,1169,1182,1202,1211,1213,1207,1216,1232,1241,1230,1251,1256,1282
394843,"McAllen, TX",71,779,875,,822,821,831,827,844,851,852,851,841,851,839,857,856,852,856,853,858,864,855,857,866,870,871,858,865,865,869,875,858,866,888,875,868,867,891,878,874,868,870,877,877,880,885,905,891,882,896,890,889,886,885,883,889,889,897,897,900,904,901,900,897,902,897,903,916,911,910,915,914,915,911,915,920,919,923,928,933,928,940,942,941,945,957,966,981,991,987,1006,1007,1024,1039,1041,1045,1040,1065,1042,1063,1087,1091,1100
394486,"Columbia, SC",72,,958,924,944,953,958,963,964,962,960,966,971,962,952,959,963,972,980,990,988,983,979,978,976,991,983,995,992,999,997,1005,1012,1008,1008,1017,1008,1007,1012,1023,1023,1026,1033,1033,1036,1030,1036,1039,1037,1033,1046,1049,1058,1062,1066,1072,1075,1075,1076,1078,1076,1082,1091,1095,1109,1115,1122,1124,1123,1117,1116,1118,1115,1122,1131,1143,1139,1148,1157,1169,1165,1172,1177,1182,1182,1199,1206,1225,1236,1253,1286,1309,1329,1347,1357,1382,1382,1365,1368,1392,1403,1428,1437,1461
394648,"Greensboro, NC",73,925,958,944,944,942,939,949,948,943,944,941,942,944,943,955,967,972,970,976,975,971,961,948,952,968,968,961,974,983,981,990,994,993,981,995,995,1025,1012,1011,1015,1019,1027,1029,1028,1031,1029,1017,1023,1029,1041,1044,1048,1047,1048,1059,1065,1065,1066,1060,1066,1075,1083,1085,1094,1109,1110,1115,1115,1115,1115,1124,1122,1129,1134,1136,1140,1152,1154,1166,1168,1167,1184,1191,1202,1206,1230,1238,1247,1255,1278,1300,1320,1337,1371,1398,1406,1406,1432,1438,1454,1479,1493,1500
394304,"Akron, OH",74,815,797,791,808,821,840,821,829,837,841,835,843,848,845,854,860,859,870,869,867,863,864,871,874,877,873,871,872,878,885,884,883,884,889,894,888,883,881,890,897,906,903,905,901,905,899,899,897,901,899,912,919,920,923,927,917,917,918,919,923,929,934,943,936,942,950,937,948,955,954,965,960,970,965,970,973,981,987,988,995,989,995,1000,991,1027,1035,1031,1055,1062,1078,1092,1102,1091,1092,1118,1115,1093,1128,1147,1174,1178,1211,1208
753906,"North Port-Sarasota-Bradenton, FL",75,1200,1248,1236,1252,1252,1253,1267,1278,1281,1289,1303,1332,1338,1340,1337,1342,1339,1356,1361,1368,1372,1387,1397,1403,1419,1420,1436,1417,1405,1405,1410,1408,1420,1427,1451,1449,1457,1457,1470,1470,1456,1458,1453,1460,1468,1481,1486,1503,1506,1508,1512,1500,1503,1507,1518,1522,1537,1537,1550,1560,1569,1567,1560,1558,1560,1558,1577,1594,1594,1603,1620,1624,1632,1621,1606,1594,1582,1587,1607,1616,1627,1668,1691,1732,1730,1726,1747,1766,1806,1884,1969,2055,2110,2164,2232,2326,2314,2272,2258,2311,2314,2343,2357
394798,"Little Rock, AR",76,883,904,881,878,885,890,898,905,908,901,893,896,892,903,907,908,921,920,915,910,911,915,907,909,914,919,918,916,917,921,923,925,911,917,920,927,927,930,934,933,932,933,933,936,938,934,938,935,936,941,941,943,939,937,943,946,951,953,955,953,949,955,963,964,966,974,978,971,970,971,974,976,981,983,984,985,989,999,1017,1022,1022,1024,1026,1033,1040,1047,1054,1070,1076,1092,1118,1142,1148,1143,1155,1162,1149,1157,1165,1164,1180,1194,1202
395134,"Stockton, CA",77,1314,1336,1324,1328,1346,1338,1355,1364,1381,1406,1390,1389,1380,1390,1410,1418,1431,1444,1444,1494,1492,1495,1486,1493,1496,1533,1540,1545,1552,1576,1586,1583,1611,1616,1605,1633,1641,1648,1653,1681,1691,1700,1722,1740,1752,1753,1740,1748,1757,1763,1777,1783,1799,1809,1838,1846,1851,1848,1852,1854,1855,1857,1870,1891,1899,1912,1933,1941,1933,1943,1935,1958,1993,1992,1991,1993,1998,2002,2029,2060,2062,2083,2085,2130,2148,2148,2199,2237,2307,2358,2381,2395,2419,2421,2384,2407,2419,2458,2464,2509,2522,2523,2520
394457,"Charleston, SC",78,1098,1133,1125,1166,1156,1153,1160,1162,1165,1159,1167,1167,1180,1198,1202,1208,1213,1222,1232,1224,1206,1218,1212,1213,1214,1238,1253,1261,1265,1279,1289,1282,1284,1284,1282,1282,1288,1291,1304,1314,1324,1332,1338,1336,1344,1342,1343,1335,1336,1349,1354,1363,1369,1379,1383,1385,1393,1391,1387,1380,1385,1393,1402,1409,1420,1429,1431,1426,1431,1433,1428,1434,1454,1454,1450,1447,1431,1434,1448,1454,1460,1451,1446,1464,1479,1473,1497,1521,1553,1593,1640,1690,1705,1719,1742,1745,1732,1740,1751,1796,1847,1877,1908
395143,"Syracuse, NY",79,918,909,922,931,950,959,973,986,981,969,944,934,929,928,960,963,995,1003,998,996,988,988,987,1004,1008,1006,1011,1037,1040,1035,1002,1013,1013,1008,1034,1031,1033,1033,1033,1030,1046,1046,1042,1050,1042,1056,1077,1085,1076,1083,1062,1059,1072,1063,1062,1076,1061,1062,1055,1090,1078,1055,1067,1078,1079,1112,1101,1100,1103,1114,1116,1106,1121,1119,1103,1092,1130,1128,1142,1154,1153,1175,1181,1174,1189,1172,1184,1208,1217,1248,1269,1278,,1354,1316,1363,1305,1308,1344,1361,1389,1409,1442
394484,"Colorado Springs, CO",80,1042,1051,1059,1062,1071,1080,1086,1087,1087,1093,1095,1098,1099,1104,1107,1112,1122,1136,1141,1148,1145,1150,1152,1161,1163,1162,1176,1191,1201,1213,1216,1229,1234,1236,1237,1237,1248,1251,1262,1273,1283,1293,1298,1306,1306,1304,1312,1320,1327,1342,1348,1358,1363,1365,1371,1374,1374,1372,1373,1378,1387,1408,1418,1422,1430,1439,1445,1452,1454,1461,1456,1465,1477,1480,1485,1483,1483,1495,1506,1519,1533,1538,1547,1546,1556,1578,1598,1626,1658,1693,1738,1760,1762,1761,1770,1780,1783,1799,1820,1837,1864,1886,1889
395235,"Winston-Salem, NC",81,1022,1016,1017,1002,1002,1002,1006,1003,1004,993,1002,1005,1007,1012,1021,1020,1025,1031,1035,1040,1038,1037,1034,1030,1034,1042,1057,1059,1061,1056,1065,1065,1063,1059,1064,1060,1066,1070,1082,1090,1097,1104,1098,1101,1106,1108,1105,1102,1114,1115,1126,1138,1140,1141,1145,1149,1155,1153,1156,1159,1168,1174,1184,1191,1202,1209,1218,1212,1211,1216,1214,1210,1233,1236,1238,1235,1241,1258,1265,1280,1286,1292,1303,1297,1314,1321,1346,1367,1395,1427,1450,1470,1483,1494,1515,1496,1517,1552,1553,1565,1601,1608,1625
395224,"Wichita, KS",82,,711,745,736,762,765,771,768,789,789,782,774,772,772,772,781,769,771,776,770,776,775,769,778,776,777,781,789,786,795,788,782,777,779,781,779,777,779,783,789,786,792,793,792,792,786,787,787,791,791,793,795,801,802,801,801,800,811,802,801,796,800,804,809,812,815,820,823,821,819,821,819,823,824,830,831,834,840,846,851,856,852,852,851,849,860,865,878,887,903,897,911,916,922,924,928,927,938,950,949,957,968,984
395115,"Springfield, MA",83,1064,1068,1050,1050,1072,1086,1091,1110,1096,1075,1088,1090,1092,1091,1088,1102,1102,1116,1119,1126,1125,1120,1119,1117,1118,1126,1139,1142,1162,1157,1174,1164,1164,1173,1161,1150,1144,1145,1157,1177,1178,1191,1186,1186,1205,1194,1193,1189,1193,1199,1210,1207,1213,1223,1248,1250,1252,1250,1251,1227,1235,1241,1254,1260,1264,1277,1280,1279,1266,1276,1273,1277,1291,1302,1300,1296,1305,1314,1319,1302,1315,1335,1321,1333,1345,1390,1396,1394,1398,1395,1418,1419,1412,1424,1451,1454,1463,1477,1486,1532,1518,1534,1541
394440,"Fort Myers, FL",84,997,988,993,996,1007,1012,1024,1034,1053,1064,1072,1083,1083,1089,1103,1127,1137,1142,1148,1174,1191,1193,1206,1208,1217,1215,1237,1227,1230,1243,1249,1253,1250,1259,1270,1274,1285,1283,1287,1286,1285,1287,1287,1291,1297,1306,1318,1328,1339,1338,1332,1328,1334,1339,1344,1358,1360,1365,1373,1382,1388,1381,1380,1384,1390,1399,1399,1402,1413,1418,1420,1423,1432,1445,1441,1428,1427,1432,1447,1456,1478,1489,1508,1512,1515,1525,1537,1564,1599,1646,1709,1791,1853,1897,1948,1983,1999,2008,2034,2063,2128,2125,2140
394399,"Boise City, ID",85,882,895,901,906,919,929,938,941,940,938,933,927,932,939,953,957,969,977,984,987,990,993,989,987,991,1000,1012,1025,1033,1045,1056,1063,1062,1063,1052,1052,1058,1065,1080,1101,1107,1118,1129,1136,1139,1138,1133,1135,1136,1151,1162,1164,1184,1206,1226,1228,1230,1225,1232,1233,1236,1243,1260,1272,1290,1308,1314,1316,1319,1313,1306,1308,1322,1323,1342,1335,1344,1354,1375,1389,1405,1414,1433,1458,1470,1504,1544,1584,1633,1679,1719,1743,1740,1716,1725,1721,1750,1755,1791,1814,1848,1866,1868
395160,"Toledo, OH",86,910,895,935,922,909,907,927,895,915,908,906,899,912,926,928,994,957,937,935,910,924,931,933,926,933,933,969,946,953,959,965,966,967,966,961,966,961,950,957,974,974,979,979,979,975,982,996,986,991,981,983,1016,1010,1005,1000,992,996,1000,986,1001,999,999,1001,1014,1020,1022,1022,1026,1021,1019,1010,997,999,1015,1017,1029,1044,1051,1055,1051,1058,1049,1046,1061,1062,1072,1083,1101,1141,1156,1167,1193,1194,1191,1189,1200,1190,1202,1223,1240,1271,1301,1298
394816,"Madison, WI",87,1064,1035,1038,1034,1038,1047,1052,1055,1048,1063,1059,1062,1055,1058,1069,1082,1075,1089,1090,1099,1090,1092,1101,1117,1101,1116,1104,1109,1127,1123,1132,1126,1118,1122,1133,1130,1127,1132,1136,1140,1146,1144,1145,1153,1141,1149,1153,1144,1154,1150,1157,1159,1167,1175,1173,1168,1169,1180,1180,1179,1182,1190,1196,1202,1201,1203,1204,1198,1198,1197,1204,1214,1227,1230,1233,1237,1226,1224,1235,1234,1240,1229,1235,1239,1245,1250,1261,1266,1271,1274,1293,1293,1302,1314,1311,1316,1321,1320,1334,1352,1373,1386,1402
394766,"Lakeland, FL",88,1002,1045,1023,1020,1027,1029,1062,1051,1047,1043,1042,1050,1053,1053,1058,1070,1076,1084,1088,1091,1076,1092,1102,1099,1099,1108,1099,1112,1131,1136,1140,1151,1154,1148,1156,1163,1164,1162,1169,1174,1189,1196,1194,1195,1199,1208,1224,1218,1207,1220,1241,1254,1268,1273,1283,1285,1292,1298,1300,1305,1310,1319,1330,1330,1335,1340,1350,1357,1362,1364,1367,1375,1379,1380,1384,1386,1403,1397,1403,1416,1424,1447,1454,1455,1462,1463,1486,1508,1543,1587,1624,1662,1714,1725,1752,1755,1766,1792,1839,1875,1888,1923,1927
394931,"Ogden, UT",89,949,1002,984,985,992,993,1001,1006,1005,1004,1002,1000,1005,1016,1022,1022,1032,1040,1043,1049,1053,1055,1056,1056,1060,1068,1072,1036,1069,1100,1104,1108,1112,1112,1120,1116,1134,1135,1141,1142,1147,1154,1159,1174,1178,1172,1175,1177,1181,1194,1208,1221,1218,1233,1242,1247,1239,1249,1258,1268,1269,1266,1286,1291,1303,1312,1312,1311,1309,1316,1318,1330,1326,1354,1349,1341,1351,1357,1368,1372,1362,1380,1401,1397,1417,1436,1448,1478,1516,1545,1589,1588,1607,1613,1624,1652,1659,1689,1693,1733,1754,1793,1775
394528,"Daytona Beach, FL",90,978,978,986,987,992,995,1008,1016,996,1016,1030,1035,1045,1042,1051,1059,1058,1063,1082,1085,1090,1109,1107,1088,1105,1107,1115,1124,1142,1143,1148,1166,1162,1177,1183,1175,1180,1179,1165,1180,1200,1207,1219,1225,1219,1229,1238,1237,1241,1252,1263,1269,1284,1286,1290,1301,1302,1306,1312,1320,1321,1334,1350,1344,1351,1349,1356,1361,1368,1373,1373,1380,1387,1390,1401,1395,1389,1398,1409,1414,1432,1444,1448,1463,1472,1490,1510,1537,1543,1571,1625,1634,1675,1695,1731,1747,1773,1818,1849,1873,1894,1914,1945
394531,"Des Moines, IA",91,982,948,971,1002,1005,1004,1016,1002,1000,1023,1037,1018,1018,1018,1036,1034,1032,1035,1032,1023,1008,1015,1012,1003,997,994,1014,1022,1031,1040,1041,1042,1030,1035,1040,1029,1034,1033,1046,1048,1056,1058,1070,1062,1050,1052,1040,1042,1027,1038,1048,1058,1062,1071,1085,1079,1070,1064,1057,1061,1065,1056,1056,1070,1079,1085,1095,1093,1094,1091,1091,1085,1085,1089,1094,1080,1086,1096,1108,1116,1114,1115,1114,1105,1108,1108,1128,1128,1137,1144,1151,1158,1170,1177,1174,1178,1178,1191,1192,1207,1223,1237,1249
394711,"Jackson, MS",92,1130,1035,1085,1084,1102,1116,1110,1108,1109,1118,1117,1117,1101,1114,1123,1130,1127,1091,1113,1123,1128,1130,1136,1134,1142,1185,1165,1154,1146,1153,1149,1149,1212,1176,1154,1165,1186,1170,1159,1161,1159,1163,1164,1160,1166,1163,1157,1158,1163,1170,1179,1175,1174,1150,1163,1169,1172,1175,1185,1177,1185,1186,1188,1181,1183,1189,1191,1190,1178,1191,1203,1208,1212,1205,1222,1217,1217,1209,1210,1228,1231,1240,1243,1239,1236,1234,1248,1258,1287,1312,1331,1326,1320,1331,1337,1336,1339,1356,1383,1384,1405,1392,1425
395245,"Youngstown, OH",93,647,669,646,652,665,654,641,650,662,674,672,660,664,664,673,675,674,647,647,660,666,672,675,680,679,672,677,657,668,676,681,687,685,692,688,682,691,687,694,694,695,702,701,713,702,700,702,694,698,703,709,703,711,715,716,738,734,733,725,734,729,730,735,729,729,735,738,737,729,739,743,739,747,759,763,766,769,763,769,760,785,775,793,789,800,813,816,833,832,852,857,898,872,882,893,920,930,926,928,922,914,921,923
394352,"Augusta, GA",94,911,946,931,919,919,915,911,908,909,919,920,920,919,915,916,921,932,942,942,935,938,938,940,938,932,944,945,947,954,960,960,957,959,964,956,957,955,953,964,970,976,977,978,982,984,988,988,988,992,985,1001,1002,1008,1013,1009,1009,1010,1015,1011,1014,1017,1023,1030,1042,1052,1056,1052,1058,1059,1056,1056,1057,1061,1066,1073,1078,1084,1094,1113,1123,1134,1133,1146,1150,1156,1148,1154,1182,1192,1218,1248,1263,1270,1286,1293,1292,1295,1323,1337,1323,1336,1357,1360
395075,"Scranton, PA",95,819,844,841,840,852,877,880,867,866,866,868,856,853,850,857,859,864,858,869,866,871,879,880,877,838,853,881,918,897,876,881,893,890,904,895,884,894,898,924,914,906,901,897,907,912,905,912,931,889,906,921,923,918,927,921,930,926,946,941,934,934,938,935,946,949,969,963,968,970,978,988,981,968,976,982,969,984,991,992,996,1012,1026,1032,1051,1048,1042,1047,1071,1100,1118,1135,1146,1177,1172,1179,1158,1166,1177,1197,1226,1222,1240,1254
394666,"Harrisburg, PA",96,991,1002,983,971,970,965,963,936,951,934,957,963,960,968,983,989,989,981,979,979,982,983,973,984,985,975,983,999,1010,1015,1024,1009,1009,1003,1016,1001,1005,1005,1005,1021,1026,1022,1026,1025,1021,1029,1019,1022,1022,1019,1030,1038,1049,1051,1052,1057,1062,1067,1078,1076,1080,1078,1088,1092,1094,1099,1102,1106,1113,1115,1113,1101,1111,1112,1106,1104,1098,1118,1124,1139,1134,1140,1143,1147,1161,1167,1167,1191,1213,1247,1264,1285,1307,,1295,1310,1321,1330,1345,1362,1369,1370,1375
394957,"Melbourne, FL",97,950,973,958,963,969,977,990,977,989,992,998,1008,1016,1020,1026,1036,1034,1045,1057,1079,1078,1077,1086,1097,1102,1111,1110,1117,1120,1139,1141,1146,1160,1163,1175,1183,1185,1194,1204,1201,1206,1218,1225,1230,1242,1252,1254,1255,1267,1271,1279,1291,1305,1313,1317,1327,1328,1323,1335,1337,1342,1346,1355,1358,1363,1366,1369,1375,1383,1382,1387,1399,1402,1433,1436,1423,1414,1419,1429,1444,1452,1453,1466,1478,1498,1507,1525,1554,1589,1620,1666,1718,1759,1769,1802,1817,1838,1845,1881,1907,1934,1966,1979
394460,"Chattanooga, TN",98,915,924,958,954,925,948,956,954,958,957,971,927,932,958,989,964,976,989,996,987,976,979,990,985,987,1031,1034,1066,1060,1040,1032,1022,1036,1055,1042,1037,1030,1028,1008,1033,1050,1053,1058,1062,1064,1039,1052,1059,1070,1077,1090,1095,1099,1110,1109,1107,1103,1107,1118,1132,1138,1134,1137,1149,1140,1154,1147,1160,1160,1158,1158,1165,1161,1171,1180,1196,1202,1195,1210,1217,1222,1232,1229,1224,1226,1243,1262,1292,1338,1342,1363,1396,1409,1425,1406,1441,1453,1489,1505,1521,1560,1562,1555
395113,"Spokane, WA",99,974,1063,1028,989,993,983,965,996,954,959,960,937,961,966,958,1000,999,999,996,997,1000,998,1015,908,914,977,1016,1031,1028,1038,1031,1033,1054,1051,1043,1049,1044,1060,1068,1035,1068,1081,1091,1085,1096,1101,1104,1078,1091,1098,1114,1121,1138,1150,1133,1152,1148,1149,1151,1146,1150,1151,1167,1181,1194,1204,1209,1200,1212,1210,1185,1173,1190,1210,1233,1228,1235,1234,1250,1253,1282,1292,1277,1281,1287,1323,1339,1387,1456,1496,1528,1541,1538,1529,1527,1510,,,1501,1537,1585,1601,1581
395006,"Provo, UT",100,1012,1039,1034,1026,1041,1069,1070,1053,1066,1072,1061,1069,1077,1076,1098,1082,1091,1107,1111,1096,1115,1123,1126,1124,1145,1128,1134,1137,1147,1180,1179,1182,1178,1184,1186,1174,1178,1194,1195,1198,1218,1222,1232,1239,1224,1222,1228,1233,1248,1252,1250,1268,1269,1284,1297,1300,1292,1294,1289,1294,1306,1305,1308,1308,1332,1340,1342,1349,1350,1335,1336,1336,1337,1341,1343,1351,1358,1369,1383,1384,1368,1399,1408,1413,1441,1453,1470,1485,1510,1536,1576,1598,1610,1667,1660,1660,1670,1695,1709,1733,1764,1772,1775
394549,"Durham, NC",104,1087,1055,1082,1109,1122,1120,1131,1126,1130,1123,1111,1124,1124,1123,1137,1140,1148,1151,1169,1166,1160,1157,1153,1158,1171,1177,1184,1200,1192,1203,1208,1204,1207,1235,1228,1219,1220,1220,1226,1236,1244,1239,1250,1253,1243,1252,1257,1250,1242,1240,1254,1265,1281,1285,1284,1286,1287,1293,1297,1295,1300,1302,1313,1320,1336,1346,1357,1356,1355,1350,1357,1345,1346,1343,1351,1339,1359,1362,1360,1362,1365,1370,1370,1377,1391,1377,1363,1401,1440,1475,1509,1532,1558,1580,1584,1606,1604,1618,1629,1643,1676,1707,1723
394995,"Port St. Lucie, FL",119,1084,1017,1065,1078,1108,1101,1121,1133,1139,1143,1149,1163,1174,1177,1125,1134,1173,1185,1193,1202,1221,1213,1231,1233,1245,1257,1259,1264,1278,1281,1288,1291,1301,1301,1301,1309,1321,1330,1324,1335,1336,1360,1366,1377,1377,1381,1388,1393,1396,1414,1417,1416,1437,1448,1467,1465,1465,1470,1469,1495,1492,1489,1484,1484,1482,1488,1511,1526,1523,1544,1553,1557,1562,1593,1570,1550,1551,1546,1565,1587,1627,1665,1675,1684,1704,1731,1724,1782,1803,1856,1900,1924,1976,2072,2167,2176,2219,2163,2186,2221,2239,2227,2269
394746,"Killeen, TX",128,886,880,891,891,897,899,904,906,905,905,905,902,903,908,907,909,908,911,912,917,916,912,906,906,910,914,916,918,920,920,925,922,919,920,922,921,921,928,930,931,934,934,933,935,934,936,939,939,942,944,949,949,952,954,955,960,961,965,969,968,971,978,986,997,1002,1008,1012,1013,1011,1014,1014,1013,1018,1023,1020,1024,1033,1046,1060,1075,1089,1102,1112,1116,1118,1129,1138,1171,1197,1237,1269,1300,1313,1347,1355,1371,1362,1363,1375,1395,1405,1418,1433
394602,"Fort Collins, CO",159,1244,1277,1267,1274,1279,1282,1292,1288,1322,1329,1306,1316,1319,1356,1363,1365,1380,1398,1405,1396,1396,1400,1391,1388,1382,1388,1409,1421,1440,1460,1462,1452,1436,1421,1412,1423,1415,1451,1455,1467,1465,1463,1469,1467,1468,1464,1467,1470,1442,1462,1490,1502,1517,1520,1521,1522,1512,1514,1497,1507,1509,1534,1548,1555,1558,1568,1570,1562,1562,1553,1549,1545,1563,1577,1585,1584,1588,1598,1599,1588,1575,1572,1572,1581,1576,1604,1626,1649,1669,1700,1722,1737,1741,1765,1767,1786,1783,1807,1821,1835,1865,1886,1891
394405,"Boulder, CO",162,1477,1512,1477,1464,1477,1513,1527,1536,1557,1551,1524,1520,1553,1572,1601,1607,1617,1630,1637,1668,1694,1682,1655,1678,1692,1695,1712,1716,1724,1719,1728,1721,1728,1709,1719,1695,1697,1725,1730,1738,1742,1750,1761,1764,1760,1751,1761,1773,1778,1774,1781,1780,1801,1827,1843,1839,1832,1835,1823,1823,1834,1842,1851,1866,1883,1879,1885,1888,1885,1902,1894,1882,1884,1891,1913,1888,1883,1887,1896,1893,1901,1909,1907,1921,1933,1945,1965,1989,2014,2042,2073,2100,2096,2111,2114,2136,2162,2178,2216,2237,2250,2256,2241
394483,"College Station, TX",192,926,964,945,957,960,971,973,976,995,973,946,974,977,990,1002,1014,1032,1046,1043,1033,997,1002,1039,1046,1050,1061,1054,1062,1062,1082,1064,1043,1021,1045,1053,1075,1091,1092,1098,1096,1092,1085,1069,1048,1044,1047,1067,1068,1089,1094,1091,1087,1082,1077,1067,1041,1065,1083,1063,1085,1092,1098,1105,1102,1100,1089,1095,1097,1102,1108,1118,1118,1120,1124,1118,1123,1124,1118,1100,1090,1118,1141,1152,1156,1170,1155,1154,1157,1147,1156,1173,1185,1167,1184,1220,1233,1240,1254,1266,1274,1274,1276,1283
394623,"Gainesville, GA",229,884,930,943,936,938,944,935,943,935,945,933,946,943,960,976,898,900,944,974,994,1013,1004,1034,1014,1014,997,1020,1019,1021,1023,1055,1059,1089,1071,1076,1074,1077,1082,1070,1074,1092,1104,1123,1126,1124,1117,1116,1133,1139,1136,1139,1150,1147,1147,1155,1159,1168,1182,1178,1180,1193,1209,1211,1228,1223,1215,1224,1256,1260,1252,1251,1242,1253,1261,1252,1237,1234,1249,1245,1266,1303,1284,1296,1327,1331,1356,1345,1391,,1474,1514,1627,1580,1553,1580,1600,1617,1624,1634,1621,1634,1666,1635
395098,"Sierra Vista, AZ",309,917,964,944,935,941,950,950,930,934,941,939,939,933,934,934,938,933,934,931,937,938,935,958,943,934,932,929,927,926,926,930,930,918,921,918,912,913,914,901,918,925,932,950,944,937,936,946,935,936,937,942,949,963,966,972,970,976,988,985,995,989,991,1001,1013,1024,1019,1021,992,1027,1030,1046,1047,1057,1072,1067,1085,1080,1075,1084,1084,1093,1113,1129,1138,1125,1153,1155,1159,1227,1262,1273,1242,1313,1379,1372,1352,1252,1301,,1463,1442,1377,1410
395080,"Sebring, FL",382,644,693,,743,735,736,748,718,728,744,,751,773,784,812,793,786,801,815,801,824,848,843,881,863,744,,764,825,831,816,843,851,894,924,913,909,891,867,876,901,901,900,926,935,946,921,937,993,988,947,965,923,939,938,948,941,953,971,974,982,976,977,986,968,930,955,975,989,985,1005,1018,1015,1026,1027,1011,1011,1020,1041,1038,1050,1055,1068,1123,1112,1100,1114,1120,1134,1154,1161,1175,1228,1225,1264,1273,1277,1276,1294,1332,1353,1368,1375
